,Times,MoIs,a,b,c,ones,string,viscosity
0,212360616000.0,7.650852999453377e+17,5750.0,5542.114117035708,950.0,1,test,10000.0
1,212360644573.2,7.671441290609146e+17,5757.336366953308,5549.075863619728,947.6689407830282,1,test,10000.0
2,212360673146.4,7.711867446710924e+17,5771.80312865139,5562.777219782115,942.9329919224865,1,test,10000.0
3,212360844585.6,7.970420293152634e+17,5865.290560063081,5651.285417057859,912.1349085040588,1,test,10000.0
4,212360844585.6,7.970420293152634e+17,5865.290560063081,5651.285417057859,912.1349085040588,1,test,10000.0
5,212360873158.8,8.05162837266588e+17,5893.699288995017,5678.155037754991,902.948186606141,1,test,10000.0
6,212360901732.0,8.153409083025723e+17,5928.955256985219,5711.497507243596,891.5487230040997,1,test,10000.0
7,212361073171.2,8.761967714028778e+17,6147.127439987935,5917.8336827282355,821.1915204273788,1,test,10000.0
