,Times,MoIs,a,b,c,ones,string,viscosity
0,212360616000.0,7.650852999453377e+17,5750.0,5542.114117035708,950.0,1,test,1.0
1,212360644573.2,7.675305505168947e+17,5757.620882411572,5549.442996059383,947.9683394852559,1,test,1.0
2,212360673146.4,7.724330571418993e+17,5772.875436636519,5564.113839431242,943.914595628493,1,test,1.0
3,212360844585.6,8.042901087670792e+17,5872.107359324792,5659.5532779977975,917.6386606902308,1,test,1.0
4,212360844585.6,8.042901087670792e+17,5872.107359324792,5659.5532779977975,917.6386606902308,1,test,1.0
5,212360873158.8,8.144464000137453e+17,5902.868274598858,5689.151770356925,909.8585659713383,1,test,1.0
6,212360901732.0,8.272905028947455e+17,5941.5010865915965,5726.333197686343,900.2099678491886,1,test,1.0
7,212361073171.2,9.06400193068746e+17,6181.347545944755,5957.184716450498,840.6378897189546,1,test,1.0
