,Times,MoIs,ones
0,212360616000.0,7.650852999453377e+17,1.0
1,212368612309.87506,9.512748555001883e+17,1.0
